{
  "left_knee_angle": {
    "mean": 161.70993470294582,
    "std": 17.3418855712366,
    "min": 123.4932713070704,
    "max": 174.55676611059107,
    "peak_count": 3
  },
  "right_elbow_angle": {
    "mean": 131.74440541035668,
    "std": 38.06905601244751,
    "min": 48.497345239678324,
    "max": 174.4597952558049,
    "peak_count": 1
  },
  "left_hip_angle": {
    "mean": 65.33198771268445,
    "std": 73.73317760999275,
    "min": 3.1896952851999685,
    "max": 171.84196887840332,
    "peak_count": 3
  }
}
