{
  "left_knee_angle": {
    "mean": 161.70993470294582,
    "std": 17.341885571236553,
    "min": 123.4932713070705,
    "max": 174.556766110591,
    "peak_count": 3
  },
  "right_elbow_angle": {
    "mean": 131.7444054103567,
    "std": 38.069056012447426,
    "min": 48.497345239678324,
    "max": 174.45979525580466,
    "peak_count": 1
  },
  "left_hip_angle": {
    "mean": 65.33198771268444,
    "std": 73.73317760999274,
    "min": 3.1896952851999685,
    "max": 171.84196887840324,
    "peak_count": 3
  }
}
